part_num,name,part_cat_id,part_material_id
004285,Sticker Sheet for Set 725-2,58,1
004590,Sticker Sheet for Set 182-1,58,1
004591,Sticker Sheet 1 for Set 1650-1,58,1
004602,Sticker Sheet 2 for Set 1650-1,58,1
004632,Sticker Sheet for Sets 369-1 and 575-2,58,1
0687b1,Set 0687 Activity Booklet 1,17,1
0901,Baseplate 16 x 30 with Set 080 Yellow House Print,1,1
0902,Baseplate 16 x 24 with Set 080 Small White House Print,1,1
0903,Baseplate 16 x 24 with Set 080 Red House Print,1,1
0904,Baseplate 16 x 24 with Set 080 Large White House Print,1,1
1,Homemaker Bookcase 2 x 4 x 4,7,1
10,Baseplate 24 x 32,1,1
10000,Duplo Animal Brick 2 x 2 Elephant Head,4,1
10010492,Sticker Sheet for Set 4203-1,58,1
10016414,Sticker Sheet #1 for 41055-1,58,1
10039,Pullback Motor 8 x 4 x 2/3,44,1
10048,Minifig Hair Tousled,65,1
10049,Minifig Shield Broad with Spiked Bottom and Cutout Corner,27,1
10049pr0001,Minifig Shield Broad with Spiked Bottom and Cutout Corner with Handprint Print,27,1
10050,Weapon Sword (Uruk-hai),27,1
10051,Minifig Helmet Castle with Lateral Comb [Uruk-hai],65,1
10051pr01,Minifig Helmet Castle with Lateral Comb and Handprint Print,65,1
10052,"Minifig Neckwear Beard, Rounded End [Gandalf]",27,1
10053,Weapon Sword Small,27,1
10054,Minifig Helmet with Cheek Protection and Horsehead Comb (Rohan Style),65,1
10054pr0001,Minifig Helmet with Cheek Protection and Horsehead Comb (Rohan Style) with Eomer Print,65,1
10054pr0002,Minifig Helmet with Cheek Protection and Horsehead Comb (Rohan Style) with Theoden Print,65,1
10055pr0001,Minifig Hair Long Straight with Light Flesh Elf Ears Print,65,1
10056,Minifig Helmet Castle with Cheek Protection [Plain],24,1
10056pr0001,Minifig Helmet with Cheek Protection and Dark Red Ornaments Print,65,1
10057,Body / Head Gollum,13,1
10057pr0001,Body / Head Gollum - Wide Eyes,13,1
10057pr0002,Body / Head Gollum - Narrow Eyes,13,1
10058,"Arm, Bent [Gollum]",60,1
10061,"Arm Goblin King, Left",60,1
10062,"Hand Cave Troll, Left",60,1
10063,"Arm Goblin King, Right",60,1
10064,"Hand Cave Troll, Right",60,1
10065,"Minifig Neckwear Beard, Full with Braided Moustache Ends",27,1
10066,Minifig Hair Orc [Plain],24,1
10066pr0001,Minifig Hair Orc with Dark Tan Ears Print,65,1
10066pr0002,Minifig Hair Orc with Olive Green Ears Print,65,1
10066pr0003,Minifig Hair Orc with Medium Dark Flesh Ears Print,65,1
10075cdb01,"Paper, Cardboard Backdrop for Set 10075 Spider-Man Action Pack",17,5
100954456,Sticker Sheet for Set 3184-1,58,1
10095457,Sticker Sheet for Set 3186-1,58,1
10099434,Sticker Sheet for Set 3063-1,58,1
10099435,Sticker Sheet for Set 3185-1,58,1
10111apr0006,"Duplo Figure with Headset and Cap Yellow, and Fireman Overalls Print",57,1
10111pr0001,"Duplo Figure with Headset and Cap Black, with Dark Blue Legs, Badge Print, Black Arms, Light Flesh Hands (Police)",57,1
10111pr0002,"Duplo Figure with Headset and Cap Yellow, with Dark Blue Arms, and Legs, Yellow Knee Pads Print, and Yellow Vest with ID Badge and Radio Print",57,1
10111pr0005c01,"Duplo Figure with Headset and Cap Yellow, with Brown Vest with Zippers over Black Shirt, and Blue Legs",57,1
10111pr0005c02,"Duplo Figure with Headset and Cap Black, with Reddish Brown Top with ID Badge Print, Light Flesh Face and Hands, and Blue Legs",57,1
10111pr0007,"Duplo Figure with Headset and Cap Yellow, with White Race Suit with Red Sleeves and Octan Logo Print, Light Flesh Face and Hands, and White Legs",57,1
10111pr0033,"Duplo Figure with Headset and Cap Yellow, with Orange Vest over Green Shirt with Red Sleeves, Light Flesh Face and Hands, and Blue Legs",57,1
10111pr0075,"Duplo Figure with Headset and Cap Yellow, with Medium Azure Arms, Yellow Vest with Orange Stripes, and Black Legs",57,1
10111pr0093,"Duplo Figure with Headset and Cap Yellow, with Medium Azure Legs and Arms, Jacket with Pockets and Zipper Print",57,1
10113,Minifig Mask Batman Cowl,65,1
10113pr0001,Minifig Mask Batman Cowl with Silver Bat Mask Around Eyes Print,65,1
10113pr0002,Minifig Mask Batman Cowl with Black Stitched Seams Print,65,1
10113pr0004,"Minifig Mask Batman Cowl with Silver Stars, Dots print",65,1
1011A,Modulex Tile 1 x 1 with No Lining,66,1
1011Apr0030,Modulex Tile 1 x 1 with Black '0' Print with No Lining,66,1
1011Apr0031,Modulex Tile 1 x 1 with Black '1' Print with No Lining,66,1
1011Apr0032,Modulex Tile 1 x 1 with Black '2' Print with No Lining,66,1
1011Apr0033,Modulex Tile 1 x 1 with Black '3' Print with No Lining,66,1
1011Apr0034,Modulex Tile 1 x 1 with Black '4' Print with No Lining,66,1
1011Apr0035,Modulex Tile 1 x 1 with Black '5' Print with No Lining,66,1
1011Apr0036,Modulex Tile 1 x 1 with Black '6' Print with No Lining,66,1
1011Apr0037,Modulex Tile 1 x 1 with Black '7' Print with No Lining,66,1
1011Apr0038,Modulex Tile 1 x 1 with Black '8' Print with No Lining,66,1
1011Apr0039,Modulex Tile 1 x 1 with Black '9' Print with No Lining,66,1
1011B,Modulex Tile 1 x 1 with Black Lining on and Sides Only,66,1
1011C,Modulex Tile 1 x 1 with Black Lining on Top and Sides,66,1
1011Cpr0001,Modulex Tile 1 x 1 with A print - Black Lining on Top and Sides,66,1
1011Cpr0002,Modulex Tile 1 x 1 with B print - Black Lining on Top and Sides,66,1
1011Cpr0003,Modulex Tile 1 x 1 with C print - Black Lining on Top and Sides,66,1
1011Cpr0004,Modulex Tile 1 x 1 with D print - Black Lining on Top and Sides,66,1
1011Cpr0005,Modulex Tile 1 x 1 with E print - Black Lining on Top and Sides,66,1
1011Cpr0006,Modulex Tile 1 x 1 with F print - Black Lining on Top and Sides,66,1
1011Cpr0007,Modulex Tile 1 x 1 with G print - Black Lining on Top and Sides,66,1
1011Cpr0008,Modulex Tile 1 x 1 with H print - Black Lining on Top and Sides,66,1
1011Cpr0009,Modulex Tile 1 x 1 with I print - Black Lining on Top and Sides,66,1
1011Cpr0010,Modulex Tile 1 x 1 with J print - Black Lining on Top and Sides,66,1
1011Cpr0011,Modulex Tile 1 x 1 with K print - Black Lining on Top and Sides,66,1
1011Cpr0012,Modulex Tile 1 x 1 with L print - Black Lining on Top and Sides,66,1
1011Cpr0013,Modulex Tile 1 x 1 with M print - Black Lining on Top and Sides,66,1
1011Cpr0014,Modulex Tile 1 x 1 with N print - Black Lining on Top and Sides,66,1
1011Cpr0015,Modulex Tile 1 x 1 with O print - Black Lining on Top and Sides,66,1
1011Cpr0016,Modulex Tile 1 x 1 with P print - Black Lining on Top and Sides,66,1
1011Cpr0017,Modulex Tile 1 x 1 with Q print - Black Lining on Top and Sides,66,1
1011Cpr0018,Modulex Tile 1 x 1 with R print - Black Lining on Top and Sides,66,1
1011Cpr0019,Modulex Tile 1 x 1 with S print - Black Lining on Top and Sides,66,1
1011Cpr0020,Modulex Tile 1 x 1 with T print - Black Lining on Top and Sides,66,1
1011Cpr0021,Modulex Tile 1 x 1 with U print - Black Lining on Top and Sides,66,1
1011Cpr0022,Modulex Tile 1 x 1 with V print - Black Lining on Top and Sides,66,1
1011Cpr0023,Modulex Tile 1 x 1 with X print - Black Lining on Top and Sides,66,1
1011Cpr0024,Modulex Tile 1 x 1 with Y print - Black Lining on Top and Sides,66,1
1011Cpr0025,Modulex Tile 1 x 1 with Z print - Black Lining on Top and Sides,66,1
1011Cpr0027,Modulex Tile 1 x 1 with Å print - Black Lining on Top and Sides,66,1
1011Cpr0028,Modulex Tile 1 x 1 with Ä print - Black Lining on Top and Sides,66,1
1011Cpr0029,Modulex Tile 1 x 1 with Ö print - Black Lining on Top and Sides,66,1
1011D,Modulex Tile 1 x 1 with Slot for Line,66,1
10124,"Arm Giant, Right",60,1
10124pr0001,"Arm Giant, Right with Blue Darkseid Print",60,1
10124pr0002,"Arm Giant, Right with Black Hawaiian Tattoos (Maui) Print",60,1
10124pr0011,"Arm Giant, Right with Pearl Gold Armour print",60,1
10126,Hand Hulk - Right,60,1
10127,Hand Hulk - Left,60,1
10128pr0001,"Body Giant, Hulk with Dark Tan Pants Print",13,1
10128pr0002,"Body Giant, Hulk with Dark Purple Pants Print",13,1
10128pr0003,"Body Giant, Hulk with Magenta Pants Print",13,1
10129stk01,Sticker for Set 10129 - (48074/4214068),58,1
1012A,Modulex Tile 2 x 12 without Internal Supports,66,1
10134stk01,Sticker for Set 10134 - (48981/4221407),58,1
10154,"Arm Giant, Left",60,1
10154pr0001,"Arm Giant, Left with Blue Darkseid Print",60,1
10154pr0002,"Arm Giant, Left with Black Hawaiian Tattoos Print (Maui)",60,1
10154pr0006,"Arm Giant, Left with Killow print",60,1
10154pr0011,"Arm Giant, Left with Pearl Gold Armour print",60,1
10164,"Minifig Cap, Santa [Plain]",24,1
10164pr0001,Minifig Santa Hat with Red Top Print,65,1
10165c01,Minifig Helmet Underwater Deep Diver with Trans-Clear Glass,65,1
10166pr0001,Minifig Hair Short Tousled with Headphones Silver Print,65,1
10166pr0003,Minifig Hair Short Tousled with Headphones Black Print,65,1
10166pr0004,Minifig Hair Short Tousled with Headphones Dark Tan Print,65,1
10168pb01,Minifig Hat - Cowboy with Star and Medium Dark Flesh Braid Print,65,1
10169,Bag / Sack with Handle,27,1
10169pr0001,Bag / Sack with Handle and '$' / Dollar Sign Print,27,1
10170,Food Pretzel,27,1
10172,Equipment Trophy Cup Small,27,1
10172pr0001,Equipment Trophy Cup Small with Black Terrier Dog Print,27,1
10173,Minifig Ghost Shroud with Open Mouth,65,1
10177,RIGHT MINI FIGURE ROBOT LEG,13,1
10178,Rock 1 x 2 Crystal Stepped,33,1
10178pr0001a,Rock Stepped with Dark Green Swamp Gas Print,33,1
10178pr0001b,Rock 1 x 2 Crystal Stepped with Mosquito Print,33,1
10178pr0002,Rock Stepped with Gold Egyptian Eye of Horus Print,33,1
10178pr0003,Rock Stepped with Black Wolf Print [aka Moonstone],33,1
10178pr0004,Rock Stepped with Black Bat Print,33,1
10178pr0005,Rock Stepped with Black Zombie Print,33,1
10178pr0006,Rock Stepped with White Lightning Print,33,1
10178pr0007,Rock 1 x 2 Crystal Stepped with White Ghost Moonstone Print,33,1
10179cert,"Paper, Certificate of Authenticity for Set 10179 Limited Edition",17,5
10183,Minifig Neckwear Wings Fairy,27,1
10183pr0001,Minifig Neckwear Wings Fairy with Black Lines Print,27,1
10187,Weapon Bladed Claw Spread,27,1
10190,Minifig Footwear Flipper [Thick],27,1
10192stk01,Sticker for Set 10192 - (10192/4528138),58,1
10193,"Duplo Figure with Bright Light Yellow Hair with Bright Light Blue Headband, Light Flesh Arms, White Legs, Azure Design Print (Cinderella)",57,1
10197,Technic Pin Connector Hub with 2 Perpendicular Axles,12,1
10201,Bracket 1 x 2 - 1 x 4 [Rounded Corners],9,1
10202,Tile 6 x 6 with Bottom Tubes,19,1
10202pr0002,Tile 6 x 6 with Bottom Tubes with Bus Half and 'TIME' Print,19,1
10202pr0003,Tile 6 x 6 with Bottom Tubes with Bus Half and 'IT'S FRITTER' Print,19,1
10202pr0004,"Tile 6 x 6 with Bottom Tubes with Incredibles '18% Approval Raring', Red Arrow print",19,1
10202pr0005,Tile 6 x 6 with Bottom Tubes with Roof Tiles print,19,1
10212stk01,Sticker for Set 10212 - (88529/4568123),58,1
10218,Cardboard Game Board - Life of George,17,5
10219stk01,Sticker for Set 10219,58,1
1021A,Modulex Tile 1 x 2 without Internal Support,66,1
1021Apr0001,"Modulex Tile 1 x 2 with White ',' print",66,1
1021Apr0002,Modulex Tile 1 x 2 with White '/' print,66,1
1021Apr0003,Modulex Tile 1 x 2 with White '.' print,66,1
1021Apr0004,Modulex Tile 1 x 2 with White ':' print,66,1
1021Apr0005,Modulex Tile 1 x 2 with White '(' or ')' print,66,1
1021Apr0068,Modulex Tile 1 x 2 with 2 White Stars on Red print,66,1
1021Apr0082,"Modulex Tile 1 x 2 with Black ""!"" Exclamation Point print",66,1
1021Apr0180,Modulex Tile 1 x 2 with Black 'A1' print,66,1
1021B,Modulex Tile 1 x 2 with Internal Supports,66,1
1021Bpr0011,"Modulex Tile 1 x 2 with Black ""/"" print",66,1
10220stk01,Sticker for Set 10220 - Sheet 1 (94347/4614415),58,1
10227,"Minifig Head Cover, Swamp Creature with Eye Holes, Fins and Spikes",65,1
1022A,Modulex Tile 2 x 2 without Internal Supports,66,1
1022Apr00014,Modulex Tile 2 x 2 without Internal Supports with White n/u print,66,1
1022B,Modulex Tile 2 x 2 with Internal Supports,66,1
10232stk01,Sticker for Set 10232 - (12949 / 6022692),58,1
10247,Plate Special 2 x 2 with 1 Pin Hole [Complete Underside Rib],9,1
10252stk01,Sticker Sheet for Set 10252 - 26953/6153756 or 26952/6153754,58,1
10258,Weapon Bow and Arrow Compound,27,1
102703uk,Pirate Comic - The Golden Medallion,17,1
10288,Technic Axle and Pin Connector Triple [120° Offset],12,1
10301pr0001,Minifig Hair with Bat Ears and Medium Dark Flesh Inner Ear Print,65,1
10301pr0002,Minifig Hair with Bat Ears and Dark Bluish Gray Inner Ear Print,65,1
10301pr0003,Minifig Hair with Bat Ears and Tan Inner Ear Print,65,1
10302pr0001,"Minifig Head Special, Werewolf with Dark Brown Fur Print",59,1
10303,Arm with Wing,60,1
10304pr0001,Coffin 2 x 4 x 6 Lid with White Bat Print [9464 / 9468],7,1
10304pr0002,Coffin 2 x 4 x 6 Lid with Light Bluish Gray Vampire and White Cobwebs Print,7,1
10305pr0001,Minifig Helmet with Front Prongs and Dark Purple Print (Magneto),65,1
1030b1,Set 1030 Activity Booklet 1 - Parts Tray Organizer Card,17,1
1030b10,Set 1030 Activity Booklet 10 - Wheels,17,1
1030b11,Set 1030 Activity Booklet 11 - Conveyors,17,1
1030b12,Set 1030 Activity Booklet 12 - Advanced Gearing,17,1
1030b13,Set 1030 Activity Booklet 13 - Pistons,17,1
1030b14,Set 1030 Activity Booklet 14 - Merry-go-round,17,1
1030b15,Set 1030 Activity Booklet 15 - Cranes,17,1
1030b16,Set 1030 Activity Booklet 16 - Lifting with Pulleys,17,1
1030b17,Set 1030 Activity Booklet 17 - Water Wheels,17,1
1030b18,Set 1030 Activity Booklet 18 - Windmills,17,1
1030b19,Set 1030 Activity Booklet 19 - Simple Steering,17,1
1030b2,Set 1030 Activity Booklet 2 - Levers,17,1
1030b20,Set 1030 Activity Booklet 20 - Advanced Steering,17,1
1030b3,Set 1030 Activity Booklet 3 - Supports,17,1
1030b4,Set 1030 Activity Booklet 4 - Lifting & Supporting,17,1
1030b5,Set 1030 Activity Booklet 5 - Pulleys & Belts,17,1
1030b6,Set 1030 Activity Booklet 6 - Gears,17,1
1030b7,Set 1030 Activity Booklet 7 - More Gears,17,1
1030b8,Set 1030 Activity Booklet 8 - Angles,17,1
1030b9,Set 1030 Activity Booklet 9 - Flywheels,17,1
10312,Windscreen 10 x 6 x 3 Bubble Canopy Double Tapered with Square Front Cutout,47,1
10312pr0001,Windscreen 10 x 6 x 3 Bubble Canopy Double Tapered with Square Front Cutout,47,1
10312pr0002,Windscreen 10 x 6 x 3 Bubble Canopy Double Tapered with Square Front Cutout,47,1
10312pr0003,"Windscreen 10 x 6 x 3 Bubble Canopy Double Tapered with Square Front Cutout and Light Bluish Gray Jedi Starfighter, Two Red Triangles on Top Print",47,1
10312pr0004,Windscreen 10 x 6 x 3 Bubble Canopy Double Tapered with Square Front Cutout and B-wing Starfighter Print,47,1
10312pr0005,"Windscreen 10 x 6 x 3 Bubble Canopy Double Tapered with Square Front Cutout and Light Bluish Gray Jedi Starfighter, Two Red Triangles on Top Print",47,1
10312pr0006,COCKPIT 10X4X3 NO. 6,47,1
10314,"Brick Curved 1 x 4 x 1 1/3 No Studs, Curved Top, with Raised Inside Support",37,1
10314pr0001,Brick Curved 1 x 4 x 1 1/3 No Studs - Curved Top and Twin White Line Speed Stripe Print,37,1
10314pr0002,"Brick Curved 1 x 4 x 1 1/3 No Studs - Curved Top with ""FLINTSTONE"" print",37,1
10314pr1003,"Brick Curved 1 x 4 x 1 1/3 No Studs, Curved Top with (Medium) Blue POLICE print",37,1
1031A,Modulex Tile 1 x 3 without Internal Support,66,1
1031B,Modulex Tile 1 x 3 with Internal Support,66,1
1032A,Modulex Tile 2 x 3 without Internal Supports,66,1
1032B,Modulex Tile 2 x 3 with Internal Supports,66,1
1032b1,Set 1032 Activity Booklet 1 - Parts Tray Organizer Card,17,1
1032b10,Set 1032 Activity Booklet 10 - Appliances,17,1
1032b11,Set 1032 Activity Booklet 11 - Right Angle Drives,17,1
1032b12,Set 1032 Activity Booklet 12 - Clamps,17,1
1032b13,Set 1032 Activity Booklet 13 - Mixers & Propellers,17,1
1032b14,Set 1032 Activity Booklet 14 - Valves & Hammers,17,1
1032b15,Set 1032 Activity Booklet 15 - Gearing Down,17,1
1032b16,Set 1032 Activity Booklet 16 - Differentials,17,1
1032b17,Set 1032 Activity Booklet 17 - Cranes,17,1
1032b18,Set 1032 Activity Booklet 18 - Conveyors,17,1
1032b19,Set 1032 Activity Booklet 19 - Drawbridges & Boom Gates,17,1
1032b2,Set 1032 Activity Booklet 2 - Bracing & Connecting,17,1
1032b20,Set 1032 Activity Booklet 20 - Robots,17,1
1032b3,Set 1032 Activity Booklet 3 - Using the 4.5V motor,17,1
1032b4,Set 1032 Activity Booklet 4 - Wheels & Belts,17,1
1032b5,Set 1032 Activity Booklet 5 - Saws,17,1
1032b6,Set 1032 Activity Booklet 6 - Small Machinery,17,1
1032b7,Set 1032 Activity Booklet 7 - Chains,17,1
1032b8,Set 1032 Activity Booklet 8 - Chain Drives,17,1
1032b9,Set 1032 Activity Booklet 9 - Winches,17,1
10395,Arm Cave Troll - Left with Scales Print,60,1
10396,Arm Cave Troll - Right with Scales Print,60,1
104,Antenna 6H without Stud Hole,32,1
1041A,Modulex Tile 1 x 4 without Internal Supports,66,1
1041B,Modulex Tile 1 x 4 with Internal Supports,66,1
1041C,Modulex Tile 1 x 4 with Curved Edge,66,1
1042A,Modulex Tile 2 x 4 without Internal Supports,66,1
1042B,Modulex Tile 2 x 4 with Internal Supports,66,1
1043A,Modulex Tile 3 x 4 without Internal Supports,66,1
1044A,Modulex Tile 4 x 4 without Internal Supports,66,1
10509,"Horse, Moveable Legs [Plain]",28,1
10509pr0001,"Horse, Moveable Legs with Black Bridle and White Blaze Print",28,1
10509pr0002,"Horse, Moveable Legs with Gray Bridle Print",28,1
10509pr0003,"Horse, Moveable Legs with Black Bridle and Silver Buckles Print",28,1
10509pr0004,"Horse, Moveable Legs with Dark Brown Bridle Print",28,1
10509pr0005,"Horse, Moveable Legs with Gold Bridle and Decorations Print",28,1
10509pr0006,"Horse, Movable Legs with Black Eyes, White Pupils and Single Buckle Black Bridle Print",28,1
1051A,Modulex Tile 1 x 5 without Internal Supports,66,1
1052A,Modulex Tile 2 x 5 without Internal Supports,66,1
10534,Sticker Sheet for Set 9500-1,58,1
10538,Sticker Sheet for Set 9498-1,58,1
10555,"Minifig Cape Cloth, Narrow with Single Top Hole",38,3
10563,Duplo Container Box 2 x 4 x 2 Door with Handle,4,1
10563pr0001,Duplo Container Box 2 x 4 x 2 Door with Handle with Lion Face print,4,1
10635,Sticker Sheet for 9473-1,58,1
10636,Sticker Sheet for Set 9474-1,58,1
10639,Sticker for Set 10226,58,1
10646,Sticker Sheet for 9499-1,58,1
10660c01,Duplo Airplane Landing Gear with Two Wheels Type 2,4,1
10661,Duplo Plate 2 x 4 with 2 Holes with Locking Ridges,4,1
10677,Torso Bat with Vestigial Minifig Arms,13,1
10677pr0001,Torso Monster Fighters Bat with Medium Dark Flesh Fur Print / Dark Brown Arms with Wings / Reddish Brown Hands,60,1
10677pr0002,Torso Bat with Dark Bluish Gray Fur Print / Black Arms with Wings / Black Hands,60,1
10677pr0003,Torso Batman Bat with Tan Fur Print / Reddish Brown Arms with Wings / Reddish Brown Hands,60,1
10677pr0004,"Torso Bat with Vestigial Minifig Arms, Green and Purple Vein and Dark Orange Fur Print / Magenta Arms with Wings / Olive Green Hands",60,1
10716,Minifig Pauldron with Pre Vizsla Print,38,1
10772,Sticker Sheet for Set 9398-1,58,1
10781,Sticker Sheet for Set 9449-1,58,1
10793,Sticker Sheet for Set 9450-1,58,1
107pr0001,Road Sign Cantilever Curved with 'SHELL' Print,38,1
107pr0002,Road Sign Cantilever Curved with 'POLICE' Print,38,1
1082A,Modulex Tile 2 x 8 without Internal Supports,66,1
10830pat0001,Equipment Magnifying Glass with Thick Frame and Solid Handle with Trans-Clear Lens,27,1
10830pat0001pr0001,Equipment Magnifying Glass with Thick Frame and Solid Handle with Trans-Clear Lens with Target Aim print,27,1
10834,Sticker Sheet for Set 6867-1,58,1
1083A,Modulex Tile 8 x 3 without Internal Supports,66,1
1084A,Modulex Tile 4 x 8 without Internal Supports,66,1
1085A,Modulex Tile 5 x 8 without Internal Supports,66,1
10867,Sticker Sheet for Set 6865-1,58,1
108681,"Paper, Information Note for Parents, 12V Transformer - 108681",17,5
1086A,Modulex Tile 6 x 8 without Internal Supports,66,1
10883,Skirt with Diamond Points,38,3
10884,"Plant, Leaves 6 x 5 Swordleaf with Clip  (thick open O clip)",28,1
10888,Duplo Turntable 2 x 2,4,1
1088A,Modulex Tile 8 x 8 without Internal Supports,66,1
109,"Technic Shock Absorber 9.5L, Piston Rod",25,1
10904,"Minifig Cape Cloth, Ringwraith Style Tattered",38,3
10905,Sticker Sheet for Set 9468-1,58,1
10907,Minifig Headgear Helmet Space with Open Face and Top Hinge,65,1
10907pr0001,Minifig Headgear Helmet Space with Open Face and Top Hinge with Silver Edges with Black Marks Print (War Machine),65,1
10908pr0001,Headwear Accessory Visor Top Hinge with Gold Face Shield and White Eyes Print (Iron Man),27,1
10908pr0002,"Headwear Accessory Visor Top Hinge with Gold Face Shield, Blue Eyes and Silver Chin Print (Iron Man)",27,1
10908pr0003,Headwear Accessory Visor Top Hinge with Silver Face Shield and White Eyes Print (War Machine),27,1
10908pr0004,"Headwear Accessory Visor Top Hinge with Silver Face Shield, White Eyes and Dark Red Trim Print (Iron Patriot)",27,1
10908pr0005,"Headwear Accessory Visor Top Hinge with Gold Face Shield and White Eyes, without Outline Print (Iron Legion)",27,1
10908pr0006,"Headwear Accessory Visor Top Hinge with Gold Face Shield, Black Lines on Forehead and White Eyes Print (Iron Man)",27,1
10908pr0007,"Headwear Accessory Visor Top Hinge with Gold Face Shield, Silver Sides, Black Lines on Forehead and White Eyes Print (Iron Man)",27,1
10908pr0008,Headwear Accessory Visor Top Hinge with Gold Face Shield and Bright Light Blue Eyes Print (Iron Man),27,1
10908pr0010,Headwear Accessory Visor Top Hinge with Blue and White Eyes and Gold Face Shield and Black Lines Print (Space Iron Man),27,1
10908pr0011,"Headwear Accessory Visor Top Hinge with Copper Face Shield, White Eyes and 4 Rivets Print (Scuba Iron Man)",27,1
10908pr0012,"Headwear Accessory Visor Top Hinge with Silver Face Shield, Red Eyes and Black Lines and Shapes Print (War Machine)",27,1
10908pr0017,Headwear Accessory Visor Top Hinge with Light Bluish Grey Face Shield and White Eyes Print (Iron Man),27,1
10908pr0018,Headwear Accessory Visor Top Hinge with Yellow Face Shield and White Eyes Print (Iron Man),27,1
10908pr0019,Headwear Accessory Visor Top Hinge with Red Eyes Print (Iron Man),27,1
10909,Minifig Helmet with Large Curved Flexible Horns,65,1
1090ba,Set 1090 Activity Booklet A - Ferris Wheel,17,1
1090bbc,Set 1090 Activity Booklet B / C - Automatic Door / Washing Machine,17,1
1090bd,Set 1090 Activity Booklet D - Conveyer Belt,17,1
1090be,Set 1090 Activity Booklet E - Robot Arm,17,1
1090boc,Set 1090 Activity Booklet - Parts Tray Organizer Card,17,1
10916,Electric Cable USB for Mindstorms EV3 (2 meter),45,1
10928,Technic Gear 8 Tooth [Reinforced],52,1
1092ba,Set 1092 Activity Booklet A - Plotter,17,1
1092bbcd,"Set 1092 Activity Booklet B / C / D - Traffic Sign, Scale & Metrics",17,1
1092be,Set 1092 Activity Booklet E - Crane,17,1
1092boc,Set 1092 Activity Booklet - Parts Tray Organizer Card,17,1
1093,Lego Computer Interface A User's Guide (12059),17,1
10989,Sticker Sheet for Set 9525-1,58,1
10991,Sticker Sheet for Set 9526-1,58,1
10a,Baseplate 24 x 32 with Squared Corners,1,1
10b,Baseplate 24 x 32 with Rounded Corners,1,1
10p01,Baseplate 24 x 32 with Dots Print [363 / 555],1,1
10p02,Baseplate 24 x 32 with Dots Print [354 / 560-2],1,1
10p03,Baseplate 24 x 32 with Dots Print [358],1,1
10p04,Baseplate 24 x 32 with Dots Print [345],1,1
10p05,Baseplate 24 x 32 with Dots Print [545-2 / 351],1,1
10p06,Baseplate 24 x 32 with Dots Print [149],1,1
10p07,Baseplate 24 x 32 with Dots Print [346-2],1,1
10p08,Baseplate 24 x 32 with Dots Print [353],1,1
10p09,Baseplate 24 x 32 with Dots Print [372],1,1
10p0a,Baseplate 24 x 32 with Dots Print [1601],1,1
10p0b,Baseplate 24 x 32 with Dots Prints [361],1,1
11002,Plate Special 2 x 2 with Wheels Holder Wide [Reinforced Underside],9,1
11010,Minifig Ring 1 x 1,27,1
11055,Flag 2 x 2 Square [Thick Clips],38,1
11055pr0001,Flag 2 x 2 Square with Sea Serpent on Red and White Checkered Background Print,38,1
11055pr0004,Flag 2 x 2 Square with Gold 'Captains Daughter' and Waving Minifig Print,38,1
11055pr0005,Flag 2 x 2 with AT-ST Print [4486 / 9679],38,1
11055pr0006,Flag 2 x 2 Square with Silver Fangs and Dark Red Print [70004],38,1
11055pr0007,Flag 2 x 2 Square with Gold Crossed Cutlasses on Dark Blue Background Print,38,1
11055pr0009,Flag 2 x 2 Square with Skull and Crossed Cutlasses (Jolly Roger) Print,38,1
11055pr0010,Flag 2 x 2 Square with Imperial Soldier Black Symbol over White Cross on Blue Background with Yellow Border Print,38,1
11055pr0011,Flag 2 x 2 Square with Skull and Crossbones (Jolly Roger) without Lower Jaw Print,38,1
11055pr0012,Flag 2 x 2 Square with Gold 'Toy Shop' and Nutcracker Drummer on Wood Background Print,38,1
11055pr0013,Flag 2 X 2 Square with Classic Space Logo print,38,1
11055pr0014,Flag 2 x 2 Square with Drawn Classic Space Logo and 5 Bright Light Orange Stars on Blue Background,38,1
11055pr0017,Flag 2 x 2 Square [Thick Clips] with Icicles on Black Back print,38,1
11055pr0018,Flag 2 x 2 Square with Black Checkered print (Race/Fiinish Flag),38,1
11055pr02,Flag 2 x 2 Square with Chequered Print [Thick Clips],38,1
11062,Lamp Post 2 x 2 x 7 with 4 Base Flutes,32,1
11089,"Barb Large Flexible [Claw, Horn]",28,1
11090,Bar Holder with Clip,32,1
11091,Wing 9L with Stylized Feathers,28,1
11092,Gorilla Fist,60,1
11094,"Wheel Hard Plastic, Treaded with 7 Pin Holes and 6 Small Holes",29,1
11096,Weapon Axe Head with Twin-Blade,27,1
11097,"Minifig Neckwear Armour Shoulder Pads with 1 Stud on Front, 2 Studs on Back",27,1
11098,"Minifig Neckwear Armour Breastplate with Shoulder Pads, 1 Front Stud and 2 Back Studs",27,1
11100,Wing Feathered,27,1
11101pat0001,Minifig Neckwear Animal Tail with Marbled Medium Dark Flesh Pattern,27,1
11101pat0002,Minifig Neckwear Animal Tail with Marbled White Pattern,27,1
11103,Weapon Sword Double Blade with Bar Holder [Chi Sword],27,1
11106,Weapon Hammer Head,27,1
11107,Weapon Sword Serrated with Bar Holder,27,1
1110M,Modulex Brick 1 x 10 with M on Stud,66,1
11110,Fly Wheel Fairing Lion Shape,36,1
11110pr0001,Fly Wheel Fairing Lion Shape with Gold and Blue Feathers Print (70102),36,1
11110pr0002,Fly Wheel Fairing Lion Shape with Silver and Dark Brown Print (70011),36,1
11110pr0003,Fly Wheel Fairing Lion Shape with Fangs and Hoses Print (70113),36,1
11110pr0004,Fly Wheel Fairing Lion Shape with Gold and Dark Red Print (70115),36,1
11110pr0005,Fly Wheel Fairing Lion Shape with Gray Mane and Dark Blue Feathers Print (70108),36,1
11110pr0006,Fly Wheel Fairing Lion Shape with Gold Armor and Red Flames Print (70140),36,1
11111,Fly Wheel Fairing Bird Shape,36,1
11111pr0001,Fly Wheel Fairing Bird Shape with Silver Plates Print (70100),36,1
11111pr0002,Fly Wheel Fairing Bird Shape with Eagle and Gold Ornament Print (70101),36,1
11111pr0003,Fly Wheel Fairing Bird Shape with Eagle and Silver Ornament Print (70105),36,1
11111pr0004,Fly Wheel Fairing Bird Raptor Shape with White Scaled Armor Print (70139),36,1
11112,Fly Wheel Fairing Crocodile Shape,36,1
11112pr0001,Fly Wheel Fairing Crocodile Shape with Gold and White Crocodile Print (70103),36,1
11112pr0002,Fly Wheel Fairing Crocodile Shape with Reddish Brown and White Crocodile Print (70115),36,1
11112pr0003,Fly Wheel Fairing Crocodile Shape with Silver Crocodile Print (70112),36,1
11113,Fly Wheel Fairing Wolf Shape,36,1
11113pr0001,Fly Wheel Fairing Wolf Shape with Fangs and Black and White Print (70011),36,1
11113pr0002,Fly Wheel Fairing Wolf Shape with Fangs and Silver and White Print (70113),36,1
11113pr0003,Fly Wheel Fairing Wolf Shape with White Patches and Brown Stitch Markings Print (70111),36,1
11113pr0004,Fly Wheel Fairing Wolf Shape with White Checkerboard and Skunk Markings Print (70107),36,1
11113pr0005,"Fly Wheel Fairing Wolf Shape with Silver Scaled Armor, Chains and Fangs Print (70137)",36,1
1111L,Modulex Brick 1 x 1 with LEGO on Stud,66,1
1111M,Modulex Brick 1 x 1 with M on Stud,66,1
11122,Fly Wheel Fairing Gorilla Shape,36,1
11122pr0001,Fly Wheel Fairing Gorilla Shape with Silver Markings and Leaves Print (70110),36,1
11122pr0002,Fly Wheel Fairing Gorilla Shape with Dark Azure and Silver Markings and Leaves Print (70109),36,1
11122pr0003,Fly Wheel Fairing Gorilla Shape with Silver Scaled Armor Print (70136),36,1
11126,Rip Cord Flexible with Handle,56,1
11127,Rock 1 x 1 Crystal 4 Point,33,1
11129,Minifig Mask Chima Lion [Plain],24,1
11129pr0001,Minifig Mask Lion (Chima) with Tan Face and Dark Blue Headpiece Print,65,1
11129pr0002,"Minifig Mask Lion (Chima) with Tan Face, Gray and White Beard and Gold Crown Print",65,1
11129pr0003,"Minifig Mask Lion (Chima) with Tan Muzzle, Black Face Details and Gold Crown Print",65,1
11129pr0004,Minifig Mask Lion (Chima) with Dark Tan Face and Dark Blue Headpiece with Gold Circles Print,65,1
11129pr0005,"Minifig Mask Lion (Chima) with Tan Face, Crooked Smile and Dark Blue Headpiece Print",65,1
11129pr0006,Minifig Mask Lion (Chima) with Face and Lion Crest Print [Lavertus],65,1
11129pr0007,Minifig Mask Lion (Chima) with Tan Face and Gold Crown Small Print,65,1
11129pr0008,Minifig Mask Lion (Chima) with Tan Face and Crooked Frown Print,65,1
11145,Electric Mindstorms EV3 Cable 25 cm,45,1
11153,Slope Curved 4 x 1 No Studs [Stud Holder with Symmetric Ridges],37,1
11153pr0001,Slope Curved 4 x 1 No Studs with Cinderella Scrollwork Print,37,1
11153pr0002,Slope Curved 4 x 1 No Studs with Gold Entwined Vines Print,37,1
11153pr0003,Slope Curved 4 x 1 No Studs [Stud Holder with Symmetric Ridges] with print,37,1
11153pr0004,Slope Curved 4 x 1 No Studs [Stud Holder with Symmetric Ridges] with Yellow Eye print,37,1
11156,Weapon Sword (Elven Warrior),27,1
11164,Hero Factory Brain,41,1
11164pat01,Hero Factory Brain with Red Centre,41,1
11164pat02,Hero Factory Brain with Glow in the Dark Centre and Marbled Yellow Pattern,41,1
11169,Duplo Brick 2 x 2 x 1 1/2 with Curve,4,1
11170,Duplo Brick 2 x 2 x 1 1/2 with Curved Top,4,1
11170pr0001,"Duplo Brick 2 x 2 x 1 1/2 with Curved Top, and '123' and 'REGULAR' Gas / Fuel / Petrol Pump Print",4,1
11170pr0003,Duplo Brick 2 x 3 x 2 with Curved Top with Black Dots print,4,1
11170pr0005,"Duplo Brick 2 x 2 x 1 1/2 with Curved Top, and Girl Behind Car Window Print",4,1
11170pr0006,Duplo Brick 2 x 2 x 1 1/2 with Curved Top Girl with Yellow Hair Print,4,1
11170pr0007,Duplo Brick 2 x 2 x 1 1/2 with Curved Top with Boy with Red Fire Hat Print,4,1
11170pr0009,"Duplo Brick 2 x 2 x 1 1/2 with Curved Top, Boy with Cap Print",4,1
11170pr0010,"Duplo Brick 2 x 2 x 1 1/2 with Curved Top, Cash Register with '1.23' Print",4,1
11187,Minifig Footwear Snowshoe [Short Front End],27,1
11197,Duplo Brick 2 x 6 x 2 Curved with 2 x 2 Cutout on Bottom,4,1
11197pr0001,"Duplo Brick 2 x 6 x 2 Curved with 2 x 2 Cutout on Bottom with Bricks, Vines, Leafs Print",4,1
11197pr0002,Duplo Brick 2 x 6 x 2 Curved with 2 x 2 Cutout on Bottom with Tiger Body Print,4,1
11198,Duplo Brick 2 x 4 x 2 Arch,4,1
11198pr0001,Duplo Brick 2 x 4 x 2 Arch with Blue Half Circles Print,4,1
11198pr0003,Duplo Brick 2 x 4 x 2 Arch with Dog Body Print on End,4,1
11203,Tile Special 2 x 2 Inverted,15,1
11203pr0001,Tile Special 2 x 2 Inverted with keypad print,15,1
11203pr0002,"Tile Special 2 x 2 Inverted with Pixelated Dark Green, Dark Red, White and Gray Print (Minecraft Guardian)",15,1
11203pr0003,Tile Special 2 x 2 Inverted with Present and White Bow Print,15,1
11203pr0005,"Tile Special 2 x 2 Inverted with 4 Orange, Red and Yellow Rounded Squares Print",15,1
11203pr0006,Tile Special 2 x 2 Inverted with Red Haired Dwarf on Blue Background Print,15,1
11203pr0007,Tile Special 2 x 2 Inverted with Thorin Oakenshield on Blue Background Print,15,1
11203pr0008,Tile Special 2 x 2 Inverted with Frodo Baggins on Red Background Print,15,1
11203pr0009,Tile Special 2 x 2 Inverted with Bilbo Baggins on Red Background Print,15,1
11203pr0010,Tile Special 2 x 2 Inverted with Fëanorian 'G' Rune on Green Planks Print,15,1
11203pr0011,Tile Special 2 x 2 Inverted with Food and Drink on Yellow Background Print,15,1
11203pr0012,Tile Special 2 x 2 Inverted with White dots on gift paper and Medium Lavender ribbon and bow print,15,1
11203pr0013,Tile Special 2 x 2 Inverted with Medium Blue ribbon and bow on gift box print,15,1
11203pr0014,Tile Special 2 x 2 Inverted with Minecraft Wither Face Print,15,1
11203pr0015,"Tile Special 2 x 2 Inverted with Package Box Top with Postage Stamp, Packing Tape and Address Labels Print",15,1
11203pr003,Tile Special 2 x 2 Inverted with Digital Screen print,15,1
11208,"Wheel 14mm D. x 9.9mm with Centre Groove, Fake Bolts and 6 Spokes",29,1
11209,Tyre 21 x 9.9,29,2
11210,Sticker Sheet for Set 3300003-1 (11210/6013110),58,1
11211,Brick Special 1 x 2 with Studs on 1 Side,5,1
11212,Plate 3 x 3,14,1
11213,Plate Round 6 x 6 with Hole,21,1
11214,Technic Axle Pin 3L with Friction Ridges Lengthwise and 1L Axle,53,1
11215,Bracket 5 x 2 x 1 1/3,9,1
11216,Door 1 x 12 x 16 Castle Gate (Portcullis),16,1
11217,Minifig Helmet SW Clone Trooper [Plain],24,1
11217pr0001,Minifig Helmet SW Clone Trooper with Blue 501st Legion Markings Print,65,1
11217pr0002,Minifig Helmet SW Clone Trooper with Blue and Tan Markings and Killed Enemies Count Print (Captain Rex),65,1
11217pr0003,Minifig Helmet SW Clone Trooper with Bright Light Orange 212th Legion Markings Print,65,1
11217pr0005,Minifig Helmet SW Clone Trooper with Light Blue Visor and Dark Red Markings Print (Jek-14),65,1
11217pr0006,Minifig Helmet SW Clone Trooper with Dark Red Emblem Print,65,1
11217pr0007a,Minifig Helmet SW Clone Trooper with Episode 3 Print,65,1
11217pr0007b,Minifig Helmet SW Clone Trooper with Dark Green Markings Print (Commander Gree),65,1
11217pr0008a,Minifig Helmet SW Clone Trooper with 41st Camouflage Print,65,1
11217pr0008b,Minifig Helmet SW Clone Trooper with Orange 212th Battalion Markings Print,65,1
11217pr0009,Minifig Helmet SW Clone Trooper with Wolf Insignia on Forehead and Dark Bluish Gray Markings Print,65,1
11217pr0010,Minifig Helmet SW Clone Trooper with Red Shock Trooper Markings Print,65,1
11217pr0011,Minifig Helmet SW Clone Trooper with Tan and Dark Tan Camouflage Print,65,1
11217pr0141,Minifig Helmet SW Clone Trooper with Gold Gunner Print,65,1
11219,Minifig Helmet - Republic Trooper [Plain],24,1
11219pr0001,Minifig Helmet Republic Trooper with Orange Print,65,1
1121L,Modulex Brick 1 x 2 with LEGO on Stud,66,1
1121M,Modulex Brick 1 x 2 with M on Stud,66,1
1122L,Modulex Brick 2 x 2 with LEGO on Studs,66,1
1122M,Modulex Brick 2 x 2 with M on Studs,66,1
11233pr0001,Minifig Mask Wolf with Fangs and Dark Bluish Gray Nose Print,65,1
11233pr0002,"Minifig Mask Wolf with Face Details, Scars and White Ears Print",65,1
11233pr0003,"Minifig Mask Wolf with Fangs, Stubble and Three Dark Red Gashes Print",65,1
11233pr0004,"Minifig Mask Wolf with Fangs, Light Bluish Gray Fur and Ears Print",65,1
11233pr0005,Minifig Mask Wolf with Fangs and Gray Nose Print,65,1
11241pr0001,Horse Foal with Brown Eyes and Black Eyelashes Print,28,1
11241pr0002,"Horse Foal with Black Eyes, White Pupils and Black Eyelashes Print",28,1
11241pr0003,Horse Foal with Brown Eyes and Black Eyelashes Print,28,1
11241pr0004,"Horse Foal with Blue Eyes, White Pupils and Black Eyelashes Print",28,1
11241pr0005,"Horse Foal with Gray Eyeshadow, Gray Eyes, White Pupils and Black Eyelashes Print",28,1
11241pr0006,"Horse Foal with Blue Eyes, White Nose Print",28,1
11245,Bag / Rucksack (School) [Plain],27,1
11245pr0001,Bag / Rucksack (School) with Magenta Buckle and Flower and Circles Print,27,1
11245pr0002,Bag / Rucksack (School) with Medium Blue Buckle and Star Print,27,1
11248c01,Duplo Car Base 2 x 6 with Yellow Wheels with Fake Bolts and Open Hitch End,4,1
11248c02,Duplo Car Base 2 x 6 with Open Hitch End and Red Wheels with Fake Bolts,4,1
11248c03,Duplo Car Base 2 x 6 with Lavender Wheels with Fake Bolts and Open Hitch End,4,1
11248c04,Duplo Car Base 2 x 6 with Open Hitch End and Light Bluish Gray Wheels with Fake Bolts,4,1
11249,Duplo Treasure Chest Opening 2 x 3 x 3 with Detailed Lid Ends,4,1
11250,Equipment Judge's Gavel,27,1
11252,Equipment Oval Tray,27,1
11253,Sports Roller Skate,27,1
11254,Minifig Hair Female Mid-Length with Part over Front of Right Shoulder [Plain],24,1
11254pr0001,Minifig Hair Mid-Length with Parting and Rag Wrap / Bandana Dark Purple and 3 Gold Coins Print,65,1
11254pr0002,Minifig Hair Mid-Length with Parting and Rag Wrap / Bandana Red Print,65,1
11255,Minifig Hair Long with Curls (Judge's Peruke),65,1
11256,Minifig Hair Short Wavy with Side Part,65,1
11257,Minifig Mask Cyclops with Horn [Plain],24,1
11257pr0001,Minifig Mask Cyclops with White Horn and White Teeth Print,65,1
11257pr0002,"Minifig Mask Cyclops with White Horn, White Teeth, Magenta Lipstick and Black Beauty Mark Print",65,1
11258,"Minifig Cap, Worker",65,1
11259pr0001,Minifig Hat Police with Dark Blue Top and Molded Gold Badge Print,65,1
11260,Minifig Neckwear Armour with Square Shoulder Protection (Space) [Plain],27,1
11260pr0001,Minifig Neckwear Armour with Square Shoulder Protection (Space) with Silver Grille and Orange Markings Print,27,1
11260pr0002,Minifig Neckwear Armour with Square Shoulder Protection (Space) with Blacktron I Logo and Silver Grill Print,27,1
11260pr0003,Minifig Neckwear Armour with Square Shoulder Protection (Space) with Silver Grille Print,27,1
11261,Minifig Hair Long with Braided Front,65,1
11262,Minifig Mask Chicken [Plain],24,1
11262pr0001,Minifig Mask Chicken with Yellow Beak and Red Comb and Wattles Print,65,1
11263,MINI CHICKEN WING,13,1
11264pr0001,"Minifig Hair Short, Straight Cut Fringe with Gold Laurel Wreath Print",65,1
11265pr0001,Minifig Mech Helmet with Open Visor Small and Orange and Silver Markings Print,65,1
11265pr0002,"Minifig Mech Helmet with Open Visor, Mouth Grill and Silver Markings Print",65,1
11265pr0003,Minifig Mech Helmet with Open Visor Small and Metallic Silver Print,65,1
11267,Friends Slide Curved,5,1
11268,Hero Factory Armour with Rock Spikes,41,1
11269,Hero Factory Helmet Visor with Clip,41,1
11269pr0001,Hero Factory Helmet Visor with Clip with Face Guard Print,41,1
11269pr0002,Hero Factory Helmet Visor with Clip with Face Guard Print Type 3,41,1
11269pr0003,Hero Factory Helmet Visor with Clip with Face Guard Print Type 2,41,1
11269pr0004,Hero Factory Helmet Visor with Clip with Knight Visor Print,41,1
11270,Hero Factory Head with Handle,41,1
11271,Hero Factory Full Torso Armour with 4 Handles,41,1
11272,Technic Axle Connector 2 x 3 Quadruple,12,1
11273,Hero Factory Shield with Half 'H',41,1
11275,Hero Factory Mask (Evo 2013),41,1
11276,Hero Factory Mask (Rocka 2013),41,1
11277,Hero Factory Mask [Surge],41,1
11278,Hero Factory Mask (Stormer 2013),41,1
11279,Hero Factory Mask (Bulk 2013),41,1
11280,Hero Factory Mask (Furno 2013),41,1
11281,Hero Factory Mask (Breez 2013),41,1
11282,Hero Factory Mask (Ogrum),41,1
11286,Hero Factory Mask (Scarox),41,1
11287,Hero Factory Mask (Pyrox),41,1
11288,Hero Factory Mask (Dragon Bolt),41,1
11289,Windscreen 4 x 4 x 4 2/3 with Handle,47,1
11290,Slope Curved 2 x 8 x 2 Double,37,1
11291,Wedge 3 x 4 x 2/3 Cutout,6,1
11293,Aircraft Fuselage Curved Forward 6 x 8 Top,47,1
11294,Hero Factory Mask (Aquagon) ,41,1
11295,Aircraft Fuselage Curved Forward 6 x 8 Bottom,47,1
11296,Hero Factory Mask (Bruizer),41,1
11297,Glass for Aircraft Fuselage Curved Forward 6 x 8 Top [Fits 11293],47,1
11298,Hero Factory Mask [Frost Beast],41,1
11299,Ladder 16 x 3.5 with Side Supports,32,1
11301,"Slope, Curved 2 x 8 x 2 Inverted Double",37,1
11302,Hero Factory Weapon Accessory - Flame/Lightning Bolt with Axle Hole,41,1
11302pat0001,Hero Factory Weapon Accessory - Flame/Lightning Bolt with Axle Hole with Marbled Trans-Yellow Pattern,41,1
11302pat0002,Hero Factory Weapon Accessory - Flame/Lightning Bolt with Axle Hole with Marbled Trans-Yellow / Trans-Dark Blue Pattern,41,1
11302pat0003,Hero Factory Weapon Accessory - Flame/Lightning Bolt with Axlehole with Marbled Trans-Light Blue / White Pattern,41,1
11302pat0004,Hero Factory Weapon Accessory - Flame/Lightning Bolt with Axle Hole with Marbled Trans-Clear / Trans-Neon Green Pattern,41,1
11302pat0006,Hero Factory Weapon Accessory - Flame/Lightning Bolt with Axle Hole with Marbled Trans-Light Blue / Trans Purple Pattern,41,1
11302pat0007,Hero Factory Weapon Accessory - Flame/Lightning Bolt with Axle Hole with Marbled Trans-Yellow / Trans-Dark Pink Pattern,41,1
11303,Minifig Cap Short Curved Bill with Seams and Hole on Top,65,1
11305,Hero Factory Weapon - Blade with Curved Tip,41,1
1131,Large Figure Visor - Vladek,41,1
1131L,Modulex Brick 1 x 3 with LEGO on Stud,66,1
1131M,Modulex Brick 1 x 3 with M on Stud,66,1
11327,Rancor Paw with Pin,28,1
11329,Rancor Claw,28,1
1132L,Modulex Brick 2 x 3 with LEGO on Studs,66,1
1132M,Modulex Brick 2 x 3 with M on Studs,66,1
11331,Minifig Helmet SW Clone Pilot with Elongated Breathing Mask [Plain],24,1
11331pr0001,Minifig Helmet SW Clone Pilot with Elongated Breathing Mask and 501st Print,65,1
11334,Hero Factory Armour with Spikes,41,1
11335,Duplo Building Wall 1 x 8 x 6 with Window Opening,4,1
11336,Hero Factory Weapon - Axe/Sword Double Spiked,41,1
11338,Hero Factory Weapon - Axe/Sword with Jagged Blade,41,1
11340,Rancor Body with Black Eyes Print,28,1
11342,Rancor Arm Right with Dark Bluish Gray Ring Print,28,1
11343,Rancor Arm Left,28,1
11344,Duplo Brick 2 x 3 x 2 with Curved Top,4,1
11344pr0001,Duplo Brick 2 x 3 x 2 with Curved Top and Eye Print on Both Sides,4,1
11344pr0002,Duplo Brick 2 x 3 x 2 with Curved Top with Elephant Face Print,4,1
11344pr0003,Duplo Brick 2 x 3 x 2 with Curved Top and Eye Print with Color Detail in Eye on Both Sides,4,1
11344pr0006,Duplo Brick 2 x 3 x 2 with Curved Top with 2 Windows and Girl/Boy Print,4,1
11344pr0007,Duplo Brick 2 x 3 x 2 with Curved Top and Bird Head Print on Both Sides,4,1
11344pr0008,Duplo Brick 2 x 3 x 2 with Curved Top,4,1
11344pr0009,Duplo Brick 2 x 3 x 2 with Curved Top with Giraffe print,4,1
11344pr0010,Duplo Brick 2 x 3 x 2 with Curved Top with Bird/Parrot print,4,1
11344pr0011,"Duplo Brick 2 x 3 x 2 with Curved Top with Monkey Body, Arms, and Legs Print",4,1
11345,Duplo Building Door Frame 4 x 4 x 3,4,1
11356,Large Figure Head Modified Chima Crocodile Upper Jaw with Teeth,41,1
11356pr0001,Large Figure Head Modified Chima Crocodile Upper Jaw with Teeth and Silver Print,41,1
11356pr0002,Large Figure Head Modified Chima Crocodile Upper Jaw with Teeth and Gold Armor Print,41,1
113578,"Paper, Information Note, Use of Battery Box - 113578-UK/F/NL",17,5
11369pr0001,Duplo Animal Goat with Black/White Eyes Print,4,1
11369pr0002,Duplo Animal Goat with Eyes and Dark Brown Spots Print,4,1
11374pb01,Duplo Animal Fish with Large Eyes and Stripes on Top Print (Flounder / Fabius),4,1
11385pr0001,Duplo Teddy Bear Sitting - Black Eyes with White Pupil - Black Nose and Mouth Print,4,1
11385pr0002,Duplo Teddy Bear Sitting - Black Eyes with White Pupil - Black Nose and Mouth in Tan Muzzle Print - Tan Paws,4,1
11399,Plate Special 4 x 4 with Clips Horizontal (thick open O clips),9,1
11402,Tools [Complete Set],27,1
11403c00pr0111,Minidoll Hips and Shorts with Light Flesh Legs and Orange Laced Shoes Print,64,1
11403pr0001c01,Minidoll Hips and Shorts with Light Flesh Legs and Dark Pink Shoes Print,64,1
11403pr0002c01,Minidoll Hips and Shorts with Medium Dark Flesh Legs and Magenta Sandals Print,64,1
11403pr0003c01,Minidoll Hips and Shorts with Medium Dark Flesh Legs and Lime Sandals Print,64,1
11403pr0004c01,Minidoll Hips and Shorts with Medium Dark Flesh Legs and Magenta Stripe on Shoes Print,64,1
11403pr0005c01,Minidoll Hips and Shorts with Light Flesh Legs and Sand Blue Laces on Yellow and White Shoes Print,64,1
11403pr0006c01,Minidoll Hips and Shorts with Medium Dark Flesh Legs and Magenta Stripe on Lime Sandals Print,64,1
11403pr0007,Minidoll Hips and Shorts with Red Shoes and White Laces and Soles Print,64,1
11403pr0008c01,Minidoll Hips and Shorts with Light Flesh Legs and Dark Purple Laces on Sand Blue Shoes Print,64,1
11403pr0100,"Minidoll Hips and Shorts with Right Black Leg and Left Red Leg, and Blue Shoes Print (Harley Quinn)",64,1
11403pr0102c01,Minidoll Hips and Shorts with Light Flesh Legs and White Laces on Yellow and White Shoes Print,64,1
11403pr0105c01,"Minidoll Hips and Shorts with Light Flesh Legs, White Knee Socks with Dark Blue Stripes, Medium Azure Sneakers Print",64,1
11403pr0106c01,Minidoll Hips and Shorts with Light Flesh Legs and Azure Laced Shoes,64,1
11403pr0108c03,Minidoll Hips and Shorts with Flesh Legs and Black Laces on Dark Azure and Dark Pink Shoes Print,64,1
11407pr0001c01,Minidoll Hips and Wrap Skirt with Light Flesh Legs and Black Sandals Print,64,1
11407pr0003c01,Minidoll Hips and Wrap Skirt with Light Flesh Legs and Dark Blue Sandals Print,64,1
11407pr0004c01,Minidoll Hips and Wrap Skirt with Light Flesh Legs and Medium Azure Sandals Print,64,1
11407pr0005,Minidoll Hips and Wrap Skirt with Light Flesh Legs and Medium Azure Waves Print,64,1
11407pr0006c01,"Minidoll Hips and Wrap Skirt with Gold Layer, Long Dark Blue Boots with Gold Filigree Print",64,1
11407pr0104,"Minidoll Hips and Wrap Skirt with Tan Layer, Medium Dark Flesh Legs and Feet Print",64,1
11407pr0107,"Minidoll Hips and Wrap Skirt with Dark Green Thorn Design, Light Flesh Legs with Dark Green Leggings and Shoes Print",64,1
11407pr0108,"Minidoll Hips and Wrap Skirt, Light Flesh Legs, Magenta Sandals with Stars Print",64,1
11407pr0113,"Minidoll Hips and Wrap Skirt with Blue Layer, Light Flesh Legs, Dark Azure Sandals with Silver Elves Print",64,1
11407pr0116,"Minidoll Hips and Wrap Skirt, with Silver Legs and Black V-Stripes and Soles Print",64,1
11407pr0117,Minidoll Hips and Wrap Skirt with Light Flesh Legs and Feet Print,64,1
11407pr0143,"Minidoll Hips and Wrap Skirt with Medium Blue with Light Aqua Layer, Dark Blue Boots with Silver Striping Print",64,1
11408c01,Minidoll Torso Boy with Light Flesh Arms and Hands,63,1
11408c01pr0001,Minidoll Torso Boy with Light Flesh Arms and Hands with Medium Blue Polo Shirt Print,63,1
11408c01pr0003,Minidoll Torso Boy with Light Flesh Arms and Hands with Tan Sleeves and Sand Blue Shirt Print,63,1
11408c01pr0004,Minidoll Torso Boy with Light Flesh Arms and Hands with White Shirt and Red Sash Print,63,1
11408c01pr0007,"Minidoll Torso Boy with Light Flesh Arms and Hands with Sand Green Hoodie with White Shirt Underneath, and Sand Green Sleeves Print",63,1
11408c01pr0008,Minidoll Torso Boy with Light Flesh Arms and Hands with Red Short Sleeves and Red and White Striped T-Shirt Print,63,1
11408c01pr0009,"Minidoll Torso Boy with Light Flesh Arms and Hands with Lime Top with Bronze Mail, Reddish Brown Elves Tattoo Print",63,1
11408c01pr0010,Minidoll Torso Boy with Light Flesh Arms and Hands with Orange Sleeveless Jacket with Dark Red Elves Details Print,63,1
11408c01pr0012,Minidoll Torso Boy with Light Flesh Arms and Hands with Dark Red Bellboy Jacket and Long Sleeves Print,63,1
11408c01pr0013,"Minidoll Torso Boy with Light Flesh Arms and Hands with Dark Orange Elves Tattoo, and Gold and Dark Green Plant Print",63,1
11408c01pr0015,Minidoll Torso Boy with Light Flesh Arms and Hands with Yellow and Orange Polo Shirt with Pocket and Name Tag Print,63,1
11408c01pr0016,"Minidoll Torso Boy with Light Flesh Arms and Hands with Sand Blue Jacket over White Shirt with 5 Magenta Stripes, and Sand Blue Sleeves Print",63,1
11408c01pr0017,Minidoll Torso Boy with Light Flesh Arms and Hands with Lime Shirt with Copper Leaf on Armor Print,63,1
11408c01pr0030,Minidoll Torso Boy with Light Flesh Arms and Hands with Dark Blue Long Sleeves and Jacket and Tie with White Shirt Print,63,1
11408c01pr0100,"Minidoll Torso Boy with Light Flesh Arms and Hands with Green Shirt with Pocket, over Lime Undershirt, and Green Short Sleeves Print",63,1
11408c01pr0102,Minidoll Torso Boy with Light Flesh Arms and Hands with Lime Shirt with Copper Shoulders and Leaves Print,63,1
11408c01pr0103,"Minidoll Torso Boy with Light Flesh Arms and Hands with Silver and Gold Armor with Goblin Eye on Front, Black Elves Tattoo on Left Arm Print",63,1
11408c01pr0105,"Minidoll Torso Boy with Light Flesh Arms and Hands with Red Shirt, Yellow Lightning in White Circle, and Dark Red Sleeves Print (The Flash)",63,1
11408c01pr0107,"Minidoll Torso Boy with Light Flesh Arms and Hands with White Shirt with Green Bands at Wrist, and Green Jacket Print",63,1
11408c01pr0109,Minidoll Torso Boy with Light Flesh Arms and Hands with Bare/Naked Print,63,1
11408c01pr0111,Minidoll Torso Boy with Light Flesh Arms and Hands with Hawaiian Shirt with Palm Tree and Sunset Print,63,1
11408c01pr0113,"Minidoll Torso Boy with Blue Shirt with Gold Horse Shoes, Medium Blue Shirt with Black Horse",63,1
11408c01pr0115,"Minidoll Torso Boy White Apron, Lime Trim, Lime Shirt, Apple",63,1
11408c02pr0002,Minidoll Torso Boy with Medium Dark Flesh Arms and Hands with Bright Green Polo Shirt with Short Sleeves Print,63,1
11408c02pr0006,Minidoll Torso Boy with Medium Dark Flesh Arms and Hands with Tan Shirt and Short Sleeves with 2 Breast Pockets Print,63,1
11408c02pr0014,Minidoll Torso Boy with Medium Dark Flesh Arms and Hands with Blue Shirt and Brown Shoulder Armour Print,63,1
11408c02pr0101,Minidoll Torso Boy with Medium Dark Flesh Arms and Hands with Blue Sleeveless Hoodie over Bright Light Orange Shirt Print,63,1
11408c02pr0104,"Minidoll Torso Boy with Medium Dark Flesh Arms and Hands with Dots Fading to Bright Light Yellow, with Lime Short Sleeves Print",63,1
11408c02pr0110,"Minidoll Torso Boy with Medium Dark Flesh Arms and Hands with Dark Red Overall, Dark Azure Shirt, Name Tag, Grease Stains Print",63,1
11408c03pr0005,"Minidoll Torso Boy with Arms and White Hands, Bright Light Blue Top and Sleeves with Gold Necklace Print",63,1
11408c04pr0106,"Minidoll Torso Boy with Lime Left Arm, White Right Arm and Dark Blue Hands with Lime, White, and Dark Blue Jacket Print",63,1
11408c05pr0112,"Minidoll Torso Boy with Dark Blue Vest with Gold Trim, Bare Chest, Dark Red Belt (Aladdin)",63,1
1140Ma,Modulex Brick 2 x 20 with M on Studs,66,1
1140Mb,Modulex Brick 2 x 20 with M on Studs - No End Walls,66,1
11418,Minifig Head Top Goblin with Ears [Plain],59,1
11418pr0001,Minifig Head Top Goblin with Ears and Dark Bluish Gray Hair Lines Print,65,1
1141L,Modulex Brick 1 x 4 with LEGO on Stud,66,1
1141M,Modulex Brick 1 x 4 with M on Stud,66,1
11420pr0001,Minifig Hair with Beard Braided with Laced Shirt Centre Print,65,1
11421,Minifig Hair with Beard Braided [Plain],24,1
11421pr0001,Minifig Hair with Beard Braided Dark Bluish Gray and Metallic Silver Print [Bifur],65,1
11422pr0001,"Minifig Hood with Flaps, Fur-lined and Dark Brown Braided Hair Print",65,1
11423pr0001,Minifig Hair with Spiked Braid and Beard with White Braids Print,65,1
11429pr0001,Warg Lower Jaw with Tan Teeth Print,28,1
1142L,Modulex Brick 2 x 4 with LEGO on Studs,66,1
1142M,Modulex Brick 2 x 4 with M on Studs,66,1
11435,"Eagle Body with Beak, Eyes and Tail Feathers [Plain]",24,1
11435pr0001,"Eagle Body with Beak, Eyes and Dark Brown Tail Feathers Print",28,1
11435pr0002,"Eagle Body with Beak, Eyes and Dark Brown Head and Tail Feathers Print",28,1
11437,Minifig Helmet Ninja Horn Elaborate,65,1
11438,Minifig Neckwear Armour Breastplate with Shoulder Ridges,27,1
11439,Weapon Sword with Jagged Edges [Plain],27,1
11439pat0001,Weapon Sword with Jagged Edges and Trans Red Center,27,1
11439pat0002,Weapon Sword with Jagged Edges and Marbled Trans Medium Blue Pattern,27,1
11439pat0003,Weapon Sword with Jagged Edges and Marbled White Pattern,27,1
11439pat0004,Weapon Sword with Jagged Edges and Marbled Trans Black Pattern,27,1
11455,Technic Pin Connector Perpendicular 2 x 4 Bent - Beam with 90 Hole Ø 4.8,12,1
11458,Plate Special 1 x 2 with Pin Hole on Top,9,1
11459,Equipment Plunger (Soft Plastic) [Plain],27,1
11459pat01,Equipment Plunger [Soft Plastic] with Medium Dark Flesh Handle,27,1
11459pat02,Equipment Plunger [Soft Plastic] with Reddish Brown Handle,27,1
11460,Sticker sheet for Set 10227 (11460/6015425),58,1
11464,Rancor Lower Jaw with Teeth Print,28,1
11476,Plate Special 1 x 2 with Clip Horizontal on Side,9,1
11477,Slope Curved 2 x 1 No Studs [1/2 Bow],37,1
11477pr0001,Slope Curved 2 x 1 No Studs [1/2 Bow] with Ecto 1 Stripes Print,37,1
11477pr0002,"Slope Curved 2 x 1 No Studs with Left Eye, Metallic Gold Print",37,1
11477pr0003,"Slope Curved 2 x 1 No Studs with Right Eye, Metallic Gold Print",37,1
11477pr0004,Slope Curved 2 x 1 No Studs wirh 2 Silver Lines print,37,1
11477pr0005,"Slope Curved 2 x 1 No Studs with Yellow Eye, Red Stripes print",37,1
11477pr0006,Slope Curved 2 x 1 No Studs with Dark Azure Lines print,37,1
11477pr0007,Slope Curved 2 x 1 No Studs [1/2 Bow] with 7 Arrows print,37,1
11477pr0008,Slope Curved 2 x 1 No Studs [1/2 Bow] with Yellow Flames print,37,1
11477pr0009,"Slope Curved 2 x 1 No Studs with Yellow Eye, Red Stripes print",37,1
11478,Technic Beam 1 x 5 Thin with Axle Holes on Ends,51,1
1151M,Modulex Brick 1 x 5 with M on Stud,66,1
1152M,Modulex Brick 2 x 5 with M on Studs,66,1
11538,Minifig Helmet Rebel with Check Protectors (Star Wars) [Plain],65,1
11538pr0001,Minifig Helmet Rebel with Check Protectors with A-wing Pilot Print,65,1
11538pr0002,Minifig Helmet Rebel with Check Protectors and Ten Numb Print,65,1
11538pr0003,Minifig Helmet Rebel with Check Protectors with Dark Brown and Dark Tan Print,65,1
11538pr0004,Minifig Helmet Rebel with Check Protectors with Resistance A-wing Pilot Print,65,1
11538pr0005,Minifig Helmet Rebel with Check Protectors with Green Ear Pieces Print,65,1
11538pr0006,Minifig Helmet Rebel with Check Protectors with Dark Red Ear Pieces Print,65,1
11568,Squirrel with 1.5 Hole in Tail [Plain],24,1
11568pr0001,Squirrel with Blue/Green Eyes Print,28,1
11568pr0002,Squirrel with Face Decoration Print,28,1
11568pr0003,Squirrel with 1.5 Hole in Tail - Medium Lavender Eyes - Black Nose and Mouth - White Face Decorations Print (Mr. Spry),28,1
11568pr0006,"Squirrel with Brown Eyes, Black Nose with Heart",28,1
11575,Dog Poodle,28,1
11575pr0001,"Dog Poodle with Purple Bow, Blue Eyes, Black Nose and Mouth Print",28,1
11575pr0002,"Dog Poodle with Pink Collar, Blue Eyes, Black Nose and Mouth Print",28,1
11589pr0001,"Minifig Head Special, Robot, Galaxy Squad with Black Visor and White Forehead Print",59,1
11591pr0001,"Minifig Head Special, Robot, Galaxy Squad, Elongated with Black Top Print",59,1
11592pr0001,"Minifig Head Special, Robot, Galaxy Squad with Crest and White Print",59,1
11593pr0001,"Minifig Head Special, Robot, Galaxy Squad with Black Rectangle Right Eye, Orange Round Left Eye and White Lines Print",59,1
11594pr0001,"Minifig Head Special, Alien Galaxy Squad Buggoid with Yellowish Green Stripes and Black Eyes with Red Dots Print",59,1
11597,Wing with Clip [Plain],27,1
11597pr0001,Wing with Clip with Black Lines Print (Left),27,1
11597pr0002,Wing with Clip with Black Lines Print (Right),27,1
11598,Container - Alien Pod Section 2 x 4 x 4,7,1
11599,Minifig Neckwear Wings Insect,27,1
11601,Tool Saw with Handle and Tooth,27,1
11602,Cat Sitting [Plain],28,1
11602pr0001a,"Cat, Sitting with Light Green Eyes, Dark Pink Nose and White Markings Print",28,1
11602pr0001b,"Cat, Sitting with Lavender Eyes, Collar and Gray Markings Print",28,1
11602pr0002,"Cat, Sitting with Lime Eyes, White Fur Patches and Lime Pendant Print",28,1
11602pr0003,"Cat, Sitting with Medium Dark Flesh Eyes, Dark Pink Nose and Black and White Patches (Chico) Print",28,1
11602pr0004,"Cat, Sitting with Magenta Eyes and Inner Ears - Black Nose and Mouth - Magenta Chest Markings and Paws Print",28,1
11602pr0006,"Cat, Sitting with Reddish Brown and Black Spots, Green Eyes Print",28,1
11602pr0007,"Cat, Sitting Tan Paws, Front, Purple Ears, White Snout, Tongue, Mean",28,1
11602pr0008,"Cat, Sitting with Lavender Eyes, Magenta Nose, and White Markings Print",28,1
11602pr0009,"Cat, Sitting with Lavender Eyes, Magenta Nose, and White Markings Print",28,1
11602pr0011,"Cat, Sitting with Lavender Eyes, Magenta Nose, and White Markings Print",28,1
11602pr0015,"Cat, Sitting with Lavender Eyes, Magenta Nose, and White Markings Print",28,1
11605,Minidoll Hair Long with French Braided Ponytail,65,1
11609,Star with Stud Holder,27,1
11610,Food Ice Cream Cone,27,1
11614,Torso/Head Alien SW Pong Krell Print Complete Assembly / Medium Dark Flesh Arms / Reddish Brown Hands,13,1
11618,"Headwear Accessory Bow with Heart, Long Ribbon and Pin",27,1
11620,Minifig Helmet with Eye and Mouth Slits [Plain],24,1
11620pr0001,Minifig Helmet with Eye and Mouth Slits with Red Star Print,65,1
11640,Musical Instrument Guitar Electric [Plain],27,1
11640pr0001,Musical Instrument Guitar Electric with Silver Strings and Stars on Magenta Background Print,27,1
11640pr0002,Musical Instrument Guitar Electric with White Strings and Star and Gold Geometric Print,27,1
11640pr0003,Musical Instrument Guitar Electric with Silver Strings and Black Bat Print,27,1
11640pr0004,"Musical Instrument Guitar Electric with White Pickguard with Stars, Pink Strings, Bridge and Output Jack Print",27,1
11641,Sports Basketball Net with Axle,27,1
11691,Headwear Accessory Visor / Chin Guard Elaborate [Plain],27,1
11691pr0002,Headwear Accessory Visor / Chin Guard Elaborate with Silver Fangs Print,27,1
11691pr0003,Headwear Accessory Visor / Chin Guard Elaborate with Black Fangs Print,27,1
11692pr0001c01,"Torso, Modified Short with Armor Breastplate with Shoulder Ridges, Rivets and Ninja Skull with Crossed Swords Pattern / Orange Arms / Reddish Brown Hands",60,1
11692pr0002c01,"Minifig Torso Modified, Armor Breastplate, Shoulder Ridges",60,1
117282,User Guide for Technic Control Center 8094,17,1
11767,"Fly Wheel Plate 2 x 8 with Metal Fly Wheel and Dark Azure Tire, Complete Assembly (Chima Rip Cord Base)",36,1
11777,Eagle Wing - Right [Plain],24,1
11777pr0002,Eagle Wing - Right with Metallic Gold Feathers Print,28,1
11777pr01,Eagle Wing - Right with Dark Brown Feathers Print,28,1
11778,Eagle Wing - Left [Plain],24,1
11778pr0002,Eagle Wing - Left with Metallic Gold Feathers Print,28,1
11778pr01,Eagle Wing - Left with Dark Brown Feathers Print,28,1
1177stk01,Sticker for Set 1177,58,1
11795,"Body Giant, Cave Troll with Loin Cloth and Face Print",13,3
11797,Lower Body Skirt with Queen Amidala Print,61,1
11816pr0001,"Minidoll Head with Green Eyes, Pale Pink Lips and Open Mouth Print",62,1
11816pr0002,"Minidoll Head with Light Blue Eyes, Pink Lips and Open Mouth Print",62,1
11816pr0003,"Minidoll Head with Light Brown Eyes, Pink Lips and Closed Mouth Print",62,1
11816pr0004,"Minidoll Head with Light Blue Eyes with Eye Shadow, Red Lips and Closed Mouth Print",62,1
11816pr0005,"Minidoll Head with Green Eyes, Pink Lips and Closed Mouth Print",62,1
11816pr0006,"Minidoll Head with Light Brown Eyes, Freckles, Pink Lips and Closed Mouth Print",62,1
11816pr0007,"Minidoll Head with Dark Azure Eyes, Black Lips and Open Mouth Snarl with Silver Strap Print (Lashina)",62,1
11816pr0008,"Minidoll Head with Light Blue Eyes, Reddish Brown Eyebrows, Pink Lips, and Open Mouth Print (Cinderella)",62,1
11816pr0009,"Minidoll Head with Brown Eyes, Bright Pink Lips and Open Mouth Print",62,1
11816pr0011,"Minidoll Head with Brown Eyes, Pink Lips and Closed Mouth Print",62,1
11816pr0012,"Minidoll Head with Green Eyes and Glasses, Orange Lips and Closed Mouth Print",62,1
11816pr0013,"Minidoll Head with Light Blue Eyes, Eyelashes and Open Mouth Print",62,1
11816pr0014,Minidoll Head with Face Mask Print (Sophie),62,1
11816pr0015,"Minidoll Head with Purple Eyes, Dark Pink Lips and Closed Mouth Print",62,1
11816pr0016,"Minidoll Head with Brown Eyes, Bright Pink Lips and Open Mouth Print",62,1
11816pr0017,"Minidoll Head with Medium Azure Eyes, Freckles, Dark Pink Lips and Closed Mouth Print",62,1
11816pr0018,Minidoll Head with Medium Lavender Eyes and Elven Tattoo Print [Aira],62,1
11816pr0019,Minidoll Head with Medium Azure Eyes and Elven Tattoo Print [Naida],62,1
11816pr0020,"Minidoll Head with Small Smile, Light Brown Eyes and Elves Tribal Print [Azari]",62,1
11816pr0021,"Minidoll Head with Green Eyes, Freckles, Medium Flesh Lips and Closed Mouth Print",62,1
11816pr0022,"Minidoll Head with Purple Eyes, Pink Lips and Open Mouth Print",62,1
11816pr0023,"Minidoll Head with Blue Eyes, Medium Flesh Lips, Closed Mouth and Elven Tattoo Print",62,1
11816pr0024,Minidoll Head with Blue Eyes and Magenta Lips with Smirk Print,62,1
11816pr0025,"Minidoll Head with Green Eyes, Freckles, Medium Flesh Lips and Open Mouth Smile Print",62,1
11816pr0026,"Minidoll Head with Light Brown Eyes, Wide Smile and Magenta Elves Tribal Print (Azari)",62,1
11816pr0027,"Minidoll Head with Medium Lavender Eyes, Closed Mouth Smile and Elves Tribal Print (Aira)",62,1
11816pr0028,Minidoll Head with Reddish Brown Eyes Print (Elves Sky Captain),62,1
11816pr0029,"Minidoll Head with Brown Eyes, Pink Lips and Open Mouth Print (Mulan)",62,1
11816pr0030,Minidoll Head with Magenta Eyes and Lips and Thin Eyebrows Print (Ragana),62,1
11816pr0031,"Minidoll Head with Lime Eyes, Eyebrows, Pink Lips and Open Smile Print",62,1
11816pr0032,"Minidoll Head with Yellow Eyes, Raised Eyebrows, Lavender Eyeshadow, Red Lips, Open Mouth Print (Maleficent)",62,1
11816pr0033,"Minidoll Head with Lavender Eyes, Dark Pink Lips, Open Mouth Print",62,1
11816pr0034,"Minidoll Head with Metallic Blue Eyes, Pink Lips, Gold and Metallic Blue Elves Tribal Print (Lumia)",62,1
11816pr0100,"Minidoll Head with Thin Black Pointed Mask, Bright Green Eyes and Dark Pink Lips Print (Batgirl)",62,1
11816pr0102,"Minidoll Head with Blue Eyes, Glasses with Copper Frames, Pink Lips with Closed Mouth Smile Print",62,1
11816pr0103,"Minidoll Head with Bright Light Blue Eyes and Pink Lips, Open Smile Print (Supergirl)",62,1
11816pr0104,"Minidoll Head with Angry Eyebrows, Lime Eyes, Teeth Print (Lena Luthor)",62,1
11816pr0106,Minidoll Head with Orange Eyes and Bright Pink Lips Print (Bumblebee),62,1
11816pr0107,"Minidoll Head with Blue Eyes, Red Lips and Closed Mouth Print (Wonder Woman)",62,1
11816pr0108,"Minidoll Head with Dark Brown Eyes and Lips, Open Smile Print (Moana)",62,1
11816pr0109,"Minidoll Head with Medium Azure Eyes, Freckles, Dark Tan Lips and Open Smile Print",62,1
11816pr0111,"Minidoll Head Pink Glasses, Blue Eyes, Bright Pink Lips",62,1
11816pr0112,"Minidoll Head with Light Brown Eyes, and Open Mouth Print (Snow White)",62,1
11816pr0113,"Minidoll Head with Right Raised Eyebrow, Green Eyes and Dark Pink Lips Print (Poison Ivy)",62,1
11816pr0114,"Minidoll Head with Thin Pointed Mask with Yellowish Green Lenses, Bright Green Eyes and Lips Print (Batgirl)",62,1
11816pr0115,"Minidoll Head Male with Green Eyes, Eyebrows and Closed Mouth Smile Print",62,1
11816pr0116,"Minidoll Head with Raised Eyebrows, Yellowish Green Eyes and Dark Pink Lips Print",62,1
11816pr0117,"Minidoll Head with Medium Lavender Right Half, Red Right Eye, Dark Purple Left Eye and Lips Print (Eclipso)",62,1
11816pr0119,"Minidoll Head with Dark Azure Eyes, Closed Mouth Smile and Elves Tribal Print (Rosalyn)",62,1
11816pr0120,"Minidoll Head with Sand Green Eyes and with Eyeshadow, Red Lips, Black Beauty Mark Print (Ursula)",62,1
11816pr0121,"Minidoll Head with Medium Azure Eyes, Freckles, and Slightly Crooked Smile Print",62,1
11816pr0124,"Minidoll Head with Brown Eyes, Open Mouth, Pink Lipstick Print",62,1
11816pr0125,"Minidoll Head with Green Eyes, Freckles, Smile Print",62,1
11816pr0126,"Minidoll Head with Blue Eyes, Red Lips, Open Mouth Print (Ariel)",62,1
11816pr0127,"Minidoll Head with Blue Eyes, Pink Lips, Open Mouth Print",62,1
11816pr0128,"Minidoll Head Blue Eyes, Red Lips, Open Mouth, Teeth",62,1
11816pr0129,"Minidoll Head Lavender Eyes, Pink Lips",62,1
11816pr0130,"Minidoll Head with Reddish Brown Eyebrows, Blue Eyes, Pink Lips, Open Mouth, Teeth",62,1
11816pr0131,"Minidoll Head with Azure Eyes, Purple Lips",62,1
11816pr0134,"Minidoll Head with Dark Flesh with Brown Eyes, Open Mouth, Red Lipstick Print",62,1
11816pr0138,"Minidoll Head with Brown Eyes, Purple Lips, Light Blue Glasses Print",62,1
11816pr0140,"Minidoll Head with Dark Blue Eyes, Red Lips, Thin Curved Eyebrows Print",62,1
11816pr0149,"Minidoll Head with Brown Eyes, Dark Pink Lips Print",62,1
11816pr0152,"Minidoll Head with Brown Eyes, Peach Lips, Large Red Glasses",62,1
11816pr0153,Minidoll Head with Grey Eyes and Dark Pink Lips Print,62,1
11816pr0154,"Minidoll Head with Green Eyes, Dark Pink Lips, Freckles Print",62,1
11816pr0155,"Minidoll Head with Medium Dark Flesh Eyes, Open Mouth Teeth",62,1
11816pr0168,"Minidoll Head with Azure Eyes, Dark Pink Lips, Black Tattoo on Forehead Print",62,1
11816pr0177,"Minidoll Head Blue Eyes, Purple Eyeliner, Purple Lips",62,1
11816pr0178,"Minidoll Head Medium Blue Eyes, Red Lips, Open Mouth Teeth",62,1
11816pr0179,"Minidoll Head with Eyelashes,, Brown Eyes, Brown Lips (Jasmine)",62,1
11816pr0180,"Minidoll Head Brown Eyes, Black Lips, Teeth",62,1
11816pr0181,"Minidoll Head Brown Eyes, Dark Red Eye Shade, Dark Red Lips",62,1
11816pr0182,"Minidoll Head Sand Green Eyes, Dark Red Lips, Freckles",62,1
11816pr0183,"Minidoll Head Dark Pink Eyes, Dark Turquoise Eye Shadow, 3 Freckles, Angry Open Mouth, Teeth",62,1
11816pr0184,"Minidoll Head Purple Eyes, Dark Azure Eye Shadow, 3 Freckles, Smirk/Mean",62,1
11816pr0185,"Minidoll Head Dark Pink Eyes, Dark Turquoise Eye Shadow, 3 Freckles",62,1
11816pr0186,"Minidoll Head Reddish Brown Eyebrows, Big Slotted Black Sunglasses, Open MOuth, Teeth",62,1
11816pr0188,"Minidoll Head Dark Turquoise Eyes, dark Pink Eye Liner, Dark Pink Lips",62,1
11816pr0189,"Minidoll Head Dark Turquoise Eyes, Purple Eyes",62,1
11816pr0192,"Minidoll Head Yellow Eyes, Purple Hair, Fangs (Vampire)",62,1
11816pr0193,"Minidoll Head with Dark Turquoise Eyes, Freckles, Dark Pink Lips",62,1
11816pr0196,"Minidoll Head Dark Turquoise Eye shadow, Purple Eyes, Purple Freckles",62,1
11816pr0197,"Minidoll Head Bright Light Eyes, Peach Lips",62,1
11816pr0198,"Minidoll Head Reddish Brown Eyes, Dark Red Lips",62,1
11816pr0199,"Minidoll Head Medium Lavender Eyes, Pink Lips, Teeth",62,1
11816pr0200,"Minidoll Head with Medium Blue Eyes, Lavender Eye Shadow, Purple Lips",62,1
11816pr0201,"Minidoll Head Dark Turquoise Eyes, Dark Pink Lips, Freckles, Winking",62,1
11816pr0202,Minidoll Head Reddish Brown Eyes,62,1
11816pr0203,Minidoll Head Reddish Brown Eyes,62,1
11816pr0204,"Minidoll Head Reddish Brown Eyes, Open Mouth",62,1
11816pr0205,"Minidoll Head Closed Eyes, Open Mouth Smile, Dark Pink Lips",62,1
11816pr0206,"Minidoll Head Medium Blue Eyes, Open Mouth, Pink Lips",62,1
11816pr0207,"Minidoll Head Medium Blue Eyes, Open MOuth",62,1
11816pr0208,"Minidoll Head Reddish Brown Eyes, Magenta Lips",62,1
11816pr0211,"Minidoll Head Sand Green Eyes, Pink Lips",62,1
11816pr0212,Minidoll Head Dark Tan / Brown Eyes,62,1
11816pr0213,"Minidoll Head Reddish Brown Eyes, Red Lips, Teeth",62,1
11816pr0214,"Minidoll Head Dark Brown Eyes, Dark Pink Lips, Teeth",62,1
11816pr0215,"Minidoll Head Reddish Brown Eyes, Pink Lips",62,1
11816pr0216,"Minidoll Head Reddish Brown Eyes, Open Mouth, Purple Lips",62,1
11816pr0217,"Minidoll Head Medium Azure Eyes, Dark Pink Lips",62,1
11816pr0219,"Minidoll Head Reddish Brown Eyes, Peach Lips",62,1
11816pr1012,"Minidoll Head Male with Blue Eyes, Open Mouth Smile with Teeth Print",62,1
11816pr9999,"Minidoll Head with Sand Green Eyes, Open Smile, Teeth",62,1
11818,"Minifig Head Modified Friends Male (aka HEAD, MALE 1) [Plain]",62,1
11818pr0001,"Minidoll Head Male with Light Brown Eyes, Light Brown Beard and Closed Mouth Print",62,1
11818pr0002,"Minidoll Head Male with Blue Eyes, Black Eyebrows Print [Disney Princess Eric]",62,1
11818pr0003,"Minidoll Head Male with Dark Brown Eyes, Eyebrows and Goatee Print",62,1
11818pr0004,"Minidoll Head Male with Brown Eyes, Black Eyebrows and Open Smile Print",62,1
11818pr0006,"Minidoll Head Male with Green Eyes, Smile with Mustache and Beard Print",62,1
11818pr0007,"Minidoll Head Male with Lime Eyes, Smile with Teeth, and Lime Elves Tribal Print (Farran)",62,1
11818pr0008,"Minidoll Head Male with Brown Eyes, Smile Print",62,1
11818pr0009,"Minidoll Head Male with Lime Eyes, Smile with Teeth, and Lime Elves Tribal Print (Farran)",62,1
11818pr0010,"Minidoll Head Male with Blue Eyes, Smirk Print",62,1
11818pr0011,"Minidoll Head Male with Tan Eyes, Half Smile and Closed Mouth Print",62,1
11818pr0101,"Minidoll Head Male with Light Blue Eyes, Thin Eyebrows, Open Mouth Smile Print",62,1
11818pr0110,"Minidoll Head Male with Thin Black Eyebrows and Red Eyes, Black Elves Tattoo on Right Cheek, Open Mouth Smirk Print",62,1
11818pr0118,"Minidoll Head Male with Blue Eyes, Black Eyebrows and Smirk Print (The Flash)",62,1
11818pr0143,"Minidoll Head Male with Brown Eyes, Freckles, Full Teeth Grin",62,1
11818pr0147,"Minidoll Head Male with Brown Eyes, Black Beard and Curly Mustache",62,1
11818pr0175,"Minidoll Head Male with Green Eyes, Reddish Brown Mustache",62,1
11818pr0187,"Minidoll Head Male Dark Turquoise Eyes, Crooked Smile, Teeth",62,1
11818pr0190,"Minidoll Head Male with Yellow Eyes, Open Mouth, Tooth, Fangs (Vampire), Blue Cheeklines",62,1
11818pr0191,"Minidoll Head Male Yellow Eyes, Fangs (Vampire), Blue Cheeklines",62,1
11818pr0194,"Minidoll Head Male Reddish Brown Eyes, Beard, Mustache, Wrinkles",62,1
11818pr0195,Minidoll Head Male with Reddish Brown Eyes,62,1
1182M,Modulex Brick 2 x 8 with M on Studs,66,1
11833,Plate Round 4 x 4 with 2 x 2 Hole,21,1
11835,Duplo Cloth Shower Curtain,4,3
11836,Duplo Cloth Skirt,4,3
11841c01,Duplo Car Base 2 x 6 - 4 Flat Silver Wheels with Black Tires on 2 Fixed Axles,4,1
11841c02,Duplo Car Base 2 x 6 - 4 Yellow Wheels with Black Tires on 2 Fixed Axles,4,1
11841c03,Duplo Car Base 2 x 6 - 4 White Wheels with Black Tires on 2 Fixed Axles,4,1
11846,Sticker Sheet for Set 60017-1,58,1
11854,Duplo Candle with Flame Print,4,1
11891,Minifig Hair Swept Back with Long Beard,65,1
11893,Dino Body Triceratops with Reddish Brown Top with Dark Brown Print,28,1
11895,Minifig Torso with Molded Shoulder and Waist Extensions,13,1
11895pr0001c01,Minifig Torso with Molded Shoulder and Waist Extensions - Breastplate with Silver Edges Print - Red Arms - Black Hands,60,1
11895pr0002c01,"Minifig Torso with Molded Shoulder and Waist Extensions Silver Decoration Print, Black Arms, Red Hands",60,1
118t1,Heroica Playmat,17,1
11900,Minifig Hair Long with Beard Tied in Sections [Gloin],65,1
11906,Minifig Hair Small Braids and Fan Shaped Ponytail,65,1
11907,Minifig Hair Spiked with Braided Beard and Ponytail,65,1
11908,Minifig Hair Long Wavy with Ragged Bottom Edge,65,1
11911,"Minifig Neckwear Beard, Parted with Hair",27,1
11920,Sticker Sheet for 41004-1,58,1
11926,Sticker Sheet for Set 41007-1,58,1
11928,Duplo Baby Bottle with Baby Elephants and Scale Lines Print,4,1
11929,Duplo Animal Turtle with Green Back,4,1
11931,Sticker Sheet for Set 41008-1,58,1
11946,"Technic Panel Fairing #21 Very Small Smooth, Side B",40,1
11947,"Technic Panel Fairing #22 Very Small Smooth, Side A",40,1
11949,Technic Steering Portal with 2 Pin Holes and 2 Ball Joint Arms,25,1
11950,Technic Steering Portal with 2 Pin Holes,25,1
11953,Technic Grabber Arm Claw with 3L Thick Beam [Type 1],26,1
11954,Technic Panel Curved 11 x 3 with 10 Pin Holes through Panel Surface,40,1
11955,Technic Gear 8 Tooth No Friction,52,1
11957,Tyre 100.6 x 22 Motorcycle,29,2
120070,U.S.S. Constellation Poster,17,1
12011,Duplo Cone 2 x 2 Square Base with White Reflective Safety Stripes Print,4,1
12014,Duplo Container Box 4 x 4 with Studs on Corners with Box and Arrows and Globe Print,4,1
12017,Duplo Train Locomotive Front with Silver Headlight and Diagonal Stripes Print,4,1
120317,Blacktron Super Model Instructions,17,1
12044,Duplo Animal Lion Adult Male,4,1
12053,Duplo Animal Cow with Pink Udder Print,4,1
12057,Duplo Animal Cow Baby (Calf) Front Leg Forward with Black Spots Print,4,1
120626,"Paper, Cardboard Punch-outs for Set 9610",17,5
120630,"Paper, Cardboard Punch-outs for Set 9614 Instruction Book 1",17,5
12104,Duplo Figure Eeyore with Stud on Back,57,1
12113,"Duplo Telephone, Mobile with Keypad with Numbers and Display of Man Print",4,1
12126,Duplo Car Body 2 Top Studs and 2 Rear Studs with Cars Finn McMissile Print,4,1
12146,"Duplo Animal Panda, Sitting",4,1
12147,Duplo Container Tank Upper Section with Stripes and Fire Logo Print,4,1
122c01,Plate Special 2 x 2 with Wheels Red,29,1
122c02,Plate Special 2 x 2 with Wheels White,29,1
122c02assy2,Plate Special 2 x 2 with White Wheels and Black Tyres Offset Tread Small (122c02 / 3641),29,1
122c02assy3,Plate Special 2 x 2 with White Wheels with Black Tyres Offset Tread Medium (122c02 / 4084),29,1
12531,Duplo Car Body Jeep with Headlights Print,4,1
12547,"Cloth Bag (Spider Net, Web)",38,3
12549pr0001,"Minifig Mask Bird (Eagle) with Yellow Beak, Gold Headdress and Blue Feathers Print",65,1
12549pr0002,Minifig Mask Bird (Eagle) with Yellow Beak and Silver Feathers Print,65,1
12549pr0003,Minifig Mask Bird (Eagle) with Yellow Beak and Medium Blue Feathers Print,65,1
12549pr0004,"Minifig Mask Bird (Eagle) with Yellow Beak, Medium Blue Feathers and Black Eye Circles Print",65,1
12549pr0005,Minifig Mask Bird (Eagle) with Yellow Beak and Blue Eyes Print,65,1
12549pr0006,"Minifig Mask Bird (Eagle) with Yellow Beak, Red Tiara and Blue Feathers Print",65,1
12550,Minifig Mask Bird (Raven) [Plain],24,1
12550pr0001,Minifig Mask Bird (Raven) with Gold Beak and Red Markings Print,65,1
12550pr0002,Minifig Mask Bird (Raven) with Silver Beak and Red Markings Print,65,1
12550pr0003,Minifig Mask Bird (Raven) with Gold Beak and Gold Markings Print,65,1
12550pr0005,Minifig Mask Bird (Raven) with Dark Bluish Gray Beak and Silver Eyepatch Print,65,1
12551pr0001,Minifig Mask Crocodile with Teeth and Red Scar Print (Chima),65,1
12551pr0002,Minifig Mask Crocodile with Teeth and Dark Green Spots Print (Chima),65,1
12551pr0003,"Minifig Mask Crocodile with Teeth, Earrings and Olive Green Stripes Print (Chima)",65,1
12551pr0004,Minifig Mask Crocodile with Gold Teeth and Black Diamonds Print (Chima),65,1
12551pr0005,Minifig Mask Crocodile with Silver Lower Jaw Print (Chima),65,1
12551pr0007,"Minifig Mask Crocodile with Teeth, Yellowish Green Lower Jaw and Black Scale Lines Print (Chima)",65,1
12551pr0008,Minifig Mask Crocodile with Metallic Silver Lower Jaw and Armor with Rivets and Dark Green Spots Print (Chima),65,1
12551pr0009,"Minifig Mask Crocodile with Teeth, Tan Lower Jaw and Dark Green Scales Print (Chima)",65,1
12555,Sticker Sheet for Set 60016-1,58,1
1256stk01,Sticker for Set 1256 - (22648/4129816),58,1
12592c01,Duplo Car Base 2 x 4 with Fixed Axles - 27.5 Silver Wheels and Black Tires,4,1
12592c02,Duplo Car Base 2 x 4 with Fixed Axles - 27.5 Yellow Wheels and Black Tires,4,1
12592c03,Duplo Car Base 2 x 4 with Fixed Axles - 27.5 Black Tires & Red Wheels,4,1
12592c04,Duplo Car Base 2 x 4 with Fixed Axles - 27.5 Black Tires and Dark Bluish Gray Wheels,4,1
12592c05,Duplo Car Base 2 x 4 with Fixed Axles - 27.5 White Wheels and Black Tires,4,1
125c01,Boat Hull Unitary 24 x 6 x 3 Complete Assembly,35,1
12600c01,"Duplo Car Base 6 x 10 x 1 1/2 with Medium Azure Wheels, Green String and Red Handle Cone",4,1
12602,"Duplo Fence Railing 1 x 6, with 6 Posts",4,1
12605,Sticker Sheet for 70500-1,58,1
12606,Sticker Sheet for Set 70502-1,58,1
12607c01pr0001,"Minifig Head Special, Ninja Turtle with Blue Mask and Frown Print (Leonardo)",59,1
12607c01pr0002,"Minifig Head Special, Ninja Turtle with Blue Mask and Teeth Print (Leonardo)",59,1